<?xml version="1.0" encoding="UTF-8"?>
<project-private xmlns="http://www.netbeans.org/ns/project-private/1">
    <editor-bookmarks xmlns="http://www.netbeans.org/ns/editor-bookmarks/2" lastBookmarkId="0"/>
    <open-files xmlns="http://www.netbeans.org/ns/projectui-open-files/2">
        <group>
            <file>file:/C:/Users/Sebastián/Documents/medic/css/style.css</file>
            <file>file:/C:/Users/Sebastián/Documents/medic/index.html</file>
            <file>file:/C:/Users/Sebastián/Documents/medic/appointment.html</file>
            <file>file:/C:/Users/Sebastián/Documents/medic/images/blog/8.jpg</file>
            <file>file:/C:/Users/Sebastián/Documents/medic/images/slider/slider-bg-1.jpg</file>
        </group>
    </open-files>
</project-private>
